Symbol,EntryDate,Price,EMA9,EMA30,EMA200,BBUpper
SAIL,2026-09-28,185.0,181.25,181.0,165.64,200.18
KIRLOSENG,2026-09-30,2402.0,2201.75,2168.33,1733.14,2332.87
OBEROIRLTY,2026-09-30,1830.0,1820.87,1819.41,1717.46,1933.93
ACUTAAS,2026-09-30,3304.1,3286.88,3283.99,2669.96,3469.81
LLOYDSME,2026-09-30,1902.2,1847.74,1845.95,1615.27,1885.12
USHAMART,2026-10-06,510.5,504.3,503.92,471.88,536.52
BHEL,2026-10-07,452.0,427.57,423.68,355.79,445.6
RRKABEL,2026-10-07,2789.7,2582.6,2554.92,2038.97,2674.02
CHENNPETRO,2026-10-08,1612.3,1439.84,1416.81,1151.76,1609.46
CGPOWER,2026-10-08,894.5,886.43,886.31,808.81,925.01
KPIL,2026-10-08,1451.5,1396.83,1393.45,1282.83,1458.26
NUVAMA,2026-10-08,1838.8,1734.53,1732.25,1570.32,1835.76
KAJARIACER,2026-10-08,1226.2,1217.73,1217.59,1134.51,1247.36
